ProductID,ProductName,Price,Category,CreatedDate
1,YKDJw,5111,雑貨・日用品,2014-04-19
2,ftKQ7,1361,花・グリーン,2008-11-11
3,l8lqm,5731,花・グリーン,2015-11-03
4,8ntvc,1757,食品,2000-11-02
5,HhDBS,2808,衣料品,2005-12-10
6,PKIs3,4203,食品,2002-05-16
7,bn3mp,6807,衣料品,2005-04-13
8,SDT2N,3261,雑貨・日用品,2014-12-28
9,c2ePd,3564,ヘルス＆ビューティー,2000-12-30
10,X72p1,7710,ヘルス＆ビューティー,2003-05-21
11,7bVxz,4254,雑貨・日用品,2008-03-20
12,TceBe,1731,食品,2012-10-14
13,E43KB,1565,食品,2008-05-28
14,WoU2O,1335,衣料品,2006-02-01
15,Fvbvx,7867,衣料品,2012-03-11
16,scatI,6675,雑貨・日用品,2006-03-17
17,RoE01,2743,家具・インテリア・家電,2014-12-17
18,9TPQ6,1562,ヘルス＆ビューティー,2000-06-09
19,eYtOY,6276,花・グリーン,2004-04-11
20,94UH6,3041,衣料品,2000-04-30
21,5yptM,6558,衣料品,2009-05-21
22,PNK7u,6796,雑貨・日用品,2005-10-21
23,TpVuw,5908,衣料品,2013-09-28
24,aR7ty,6340,花・グリーン,2014-05-17
25,oZsty,1074,衣料品,2001-04-14
26,zUy4P,9241,花・グリーン,2008-12-24
27,FGjRp,8030,食品,2009-06-11
28,Qeshe,9584,食品,2003-12-12
29,2p2I4,9813,雑貨・日用品,2014-06-16
30,B4io5,2478,ヘルス＆ビューティー,2005-12-20
31,kLFr6,3390,食品,2007-02-03
32,FHVHF,1337,家具・インテリア・家電,2012-11-12
33,LsWVw,6254,ヘルス＆ビューティー,2012-03-24
34,qiM8t,9931,ヘルス＆ビューティー,2004-06-01
35,JbMhY,1920,ヘルス＆ビューティー,2015-12-21
36,PLwwL,9288,ヘルス＆ビューティー,2004-03-02
37,y2Q1H,3845,雑貨・日用品,2008-11-08
38,Rppz3,8535,家具・インテリア・家電,2015-04-27
39,DJj1a,7446,花・グリーン,2007-09-13
40,BIUmJ,4164,衣料品,2003-11-19
41,27HpG,1145,ヘルス＆ビューティー,2014-08-19
42,h5hOq,7022,食品,2007-08-03
43,Jr8E5,3614,家具・インテリア・家電,2013-07-22
44,yRzj8,3657,ヘルス＆ビューティー,2002-03-30
45,7L1QH,7901,家具・インテリア・家電,2011-08-11
46,hFLOc,5802,食品,2015-03-20
47,VPEhD,1921,ヘルス＆ビューティー,2001-02-23
48,DnZSM,4088,食品,2000-09-15
49,gmzem,2977,家具・インテリア・家電,2013-09-26
50,N6L4P,5888,花・グリーン,2014-01-07
51,HwVKe,8225,家具・インテリア・家電,2004-03-07
52,snFF4,9624,食品,2008-12-30
53,W53R9,4324,ヘルス＆ビューティー,2014-02-11
54,NPuck,3399,食品,2004-11-16
55,Q6q6P,2030,家具・インテリア・家電,2003-04-27
56,qimvI,7502,家具・インテリア・家電,2006-02-03
57,TrG4i,4234,食品,2001-08-10
58,WLspd,3370,ヘルス＆ビューティー,2005-01-26
59,Zx81s,8397,衣料品,2013-08-13
60,mNHZa,1257,花・グリーン,2012-08-23
61,3w9dX,9200,花・グリーン,2009-11-09
62,VGc64,3021,雑貨・日用品,2012-09-25
63,Qn7nT,5825,雑貨・日用品,2014-12-14
64,R79iS,4226,花・グリーン,2013-05-06
65,FLihO,6490,雑貨・日用品,2005-09-20
66,uROBh,3465,家具・インテリア・家電,2005-04-30
67,Dp0Ci,4729,衣料品,2000-03-26
68,MQHyG,1818,ヘルス＆ビューティー,2013-09-04
69,KMcdl,2661,衣料品,2002-03-04
70,KPHwJ,7660,ヘルス＆ビューティー,2003-04-04
71,j4cZF,6152,食品,2003-07-29
72,jGiOM,4932,家具・インテリア・家電,2009-04-05
73,iYsAz,6823,ヘルス＆ビューティー,2004-03-14
74,9a68y,7673,ヘルス＆ビューティー,2000-03-28
75,LHJyi,2685,ヘルス＆ビューティー,2001-02-17
76,UIalI,8084,雑貨・日用品,2012-10-26
77,uRX31,3120,衣料品,2011-05-06
78,kijf3,5115,花・グリーン,2014-06-28
79,ACpHX,8187,花・グリーン,2011-05-01
80,I5kHj,3618,雑貨・日用品,2000-02-15
81,q67gQ,8744,家具・インテリア・家電,2008-07-25
82,xAkG3,1039,花・グリーン,2014-03-31
83,Sjb2e,4515,食品,2011-09-23
84,zCBW4,8864,ヘルス＆ビューティー,2009-12-23
85,MyZid,4795,雑貨・日用品,2003-05-11
86,ljJnt,9057,食品,2008-05-19
87,jU3iD,9500,花・グリーン,2006-07-08
88,jUhVN,7391,衣料品,2015-12-22
89,FDRtp,1855,衣料品,2010-02-05
90,LvbaV,9600,家具・インテリア・家電,2006-04-11
91,TaRQE,7509,家具・インテリア・家電,2010-04-25
92,cPs9a,9332,ヘルス＆ビューティー,2003-11-24
93,kejCT,9988,雑貨・日用品,2011-04-05
94,tbghN,6461,衣料品,2015-01-28
95,jSatB,7938,衣料品,2004-03-21
96,ulOBz,6993,花・グリーン,2001-09-28
97,KySu9,9273,家具・インテリア・家電,2004-01-05
98,zlH3b,4579,家具・インテリア・家電,2005-09-26
99,lO5pF,9967,食品,2010-12-24
100,Ly6Ig,7631,花・グリーン,2011-11-27
101,RZEKb,7801,ヘルス＆ビューティー,2009-09-04
102,QZ8NK,1724,衣料品,2005-09-16
103,QYcRL,6808,ヘルス＆ビューティー,2011-04-10
104,lBSDk,6410,衣料品,2004-08-19
105,6SYna,6914,ヘルス＆ビューティー,2011-07-06
106,CYCGF,6160,食品,2010-11-05
107,Zv8m3,6251,家具・インテリア・家電,2003-10-17
108,zjxr2,1292,食品,2002-06-25
109,ZcArt,6714,家具・インテリア・家電,2006-09-04
110,eZEoX,6901,雑貨・日用品,2003-01-04
111,vN9YW,1798,花・グリーン,2006-09-07
112,KLLnD,4408,食品,2009-02-07
113,PebWW,5214,花・グリーン,2010-09-03
114,mfJMN,2957,衣料品,2012-05-23
115,sxMyd,8758,ヘルス＆ビューティー,2010-12-01
116,SCtIG,6468,家具・インテリア・家電,2003-07-23
117,56Uyh,7557,食品,2000-10-11
118,huTd3,7890,雑貨・日用品,2007-07-20
119,M3UP1,6327,食品,2003-08-09
120,UgmLG,9437,衣料品,2010-03-30
121,iYYsC,6046,家具・インテリア・家電,2015-04-11
122,yxU9D,9467,家具・インテリア・家電,2002-04-25
123,ZbeG3,5787,ヘルス＆ビューティー,2013-12-04
124,YjOzN,3532,雑貨・日用品,2001-03-25
125,4acnI,2385,衣料品,2005-08-21
126,Hr4dr,8285,家具・インテリア・家電,2006-03-09
127,F7aHe,2687,雑貨・日用品,2010-05-09
128,d3y6z,2808,家具・インテリア・家電,2011-08-25
129,PU3im,6210,ヘルス＆ビューティー,2015-03-31
130,yHPoT,6041,ヘルス＆ビューティー,2001-11-20
131,MAkVA,5466,花・グリーン,2006-10-11
132,I6rAZ,6019,ヘルス＆ビューティー,2004-12-30
133,8tCSb,7971,ヘルス＆ビューティー,2007-12-20
134,lkyqn,9906,衣料品,2006-09-10
135,ftdBd,1975,ヘルス＆ビューティー,2012-05-01
136,YyYhd,2119,花・グリーン,2009-12-31
137,EKtuF,4499,食品,2000-10-12
138,QOOBQ,2038,食品,2005-03-31
139,vfn1g,7308,雑貨・日用品,2015-11-24
140,Aphkc,3622,花・グリーン,2010-05-21
141,ytfW2,3178,雑貨・日用品,2009-05-25
142,AMJO1,4588,家具・インテリア・家電,2007-04-19
143,GOcUy,2681,衣料品,2000-08-03
144,ne0k8,8909,家具・インテリア・家電,2011-02-21
145,XlfiL,6701,花・グリーン,2015-04-13
146,JW6TS,9522,ヘルス＆ビューティー,2008-06-12
147,ysyYB,3404,食品,2001-04-05
148,LQJJH,7017,食品,2009-02-24
149,aO0Oe,6880,家具・インテリア・家電,2006-03-03
150,ougtO,1160,ヘルス＆ビューティー,2006-12-31
151,p9QOH,9831,雑貨・日用品,2001-05-20
152,ymuZb,1886,家具・インテリア・家電,2008-06-25
153,b5Mds,4069,花・グリーン,2010-06-07
154,54sbw,5894,雑貨・日用品,2015-10-09
155,1QJv9,3879,衣料品,2013-01-29
156,MvfOf,6538,衣料品,2011-03-05
157,mRiVk,3558,ヘルス＆ビューティー,2004-05-12
158,CYDSt,5751,衣料品,2002-04-24
159,cScNl,2432,雑貨・日用品,2000-04-30
160,pUPx0,6835,ヘルス＆ビューティー,2001-06-28
161,fzgAI,4409,家具・インテリア・家電,2005-02-28
162,CCKxQ,9321,家具・インテリア・家電,2007-05-09
163,GbGKV,3221,花・グリーン,2002-06-23
164,FEBQs,5297,食品,2001-10-14
165,6ewga,6078,衣料品,2003-11-06
166,Y5bPJ,1552,家具・インテリア・家電,2015-10-27
167,MhSf8,3989,ヘルス＆ビューティー,2002-11-04
168,QQ36U,2728,雑貨・日用品,2006-08-05
169,wvAH2,2891,家具・インテリア・家電,2002-09-30
170,1unkr,7320,家具・インテリア・家電,2006-11-03
171,61HX9,4566,食品,2009-06-12
172,cfQlb,4578,ヘルス＆ビューティー,2009-01-27
173,wpQ6E,4024,ヘルス＆ビューティー,2011-07-19
174,64YF4,4811,ヘルス＆ビューティー,2002-08-16
175,mKzvR,4389,雑貨・日用品,2010-01-03
176,cNZJV,7380,雑貨・日用品,2005-07-26
177,YakJD,5366,ヘルス＆ビューティー,2008-02-17
178,WuAam,5289,食品,2006-12-29
179,ascsf,7221,ヘルス＆ビューティー,2009-07-25
180,nC8pC,5469,食品,2010-10-04
181,3XSYW,4214,雑貨・日用品,2009-07-22
182,oWAdW,2854,食品,2006-06-13
183,VEplY,4051,ヘルス＆ビューティー,2008-03-15
184,gixQB,1721,雑貨・日用品,2007-01-28
185,9A2t7,3660,花・グリーン,2001-06-14
186,ShH9q,5403,食品,2001-03-07
187,LhdRT,6877,花・グリーン,2006-04-14
188,NMh2f,2477,雑貨・日用品,2001-01-06
189,hiZ1y,3752,食品,2013-12-12
190,bpnS3,3164,食品,2004-04-03
191,OvYgc,4268,ヘルス＆ビューティー,2000-01-18
192,lto5J,8144,花・グリーン,2005-02-05
193,OcObW,2275,花・グリーン,2014-02-09
194,foyc3,5065,ヘルス＆ビューティー,2006-06-19
195,UzqIl,3672,花・グリーン,2003-07-19
196,lqSP1,3882,ヘルス＆ビューティー,2002-05-24
197,wVFXA,6945,衣料品,2011-04-17
198,AMU2K,7730,衣料品,2014-08-04
199,hkdzy,1598,家具・インテリア・家電,2009-11-02
200,U0jkk,9403,食品,2002-09-07
201,29FYa,2497,家具・インテリア・家電,2000-10-14
202,AF37O,2088,雑貨・日用品,2008-01-01
203,SotIA,6539,花・グリーン,2010-11-20
204,ddsqY,3271,ヘルス＆ビューティー,2012-07-16
205,4brQJ,2520,雑貨・日用品,2007-12-29
206,IEROj,3133,家具・インテリア・家電,2008-01-08
207,3njvd,6391,家具・インテリア・家電,2000-12-27
208,4vbot,1962,食品,2013-03-29
209,2KYdg,5355,家具・インテリア・家電,2003-08-20
210,PE5tF,9888,衣料品,2012-08-24
211,1vGg1,3212,家具・インテリア・家電,2008-11-18
212,72OAd,7200,衣料品,2005-08-08
213,Kx2On,3333,衣料品,2002-02-03
214,pAun8,7643,ヘルス＆ビューティー,2013-06-27
215,IaPLV,5126,花・グリーン,2014-08-20
216,Rqkz6,1449,食品,2003-06-14
217,WGEJr,4368,雑貨・日用品,2011-02-27
218,ZqqVc,1140,ヘルス＆ビューティー,2007-07-17
219,5dECv,2125,雑貨・日用品,2005-08-10
220,M7M4v,9322,家具・インテリア・家電,2003-04-20
221,dLDgD,5809,花・グリーン,2003-06-19
222,aj1kn,9957,ヘルス＆ビューティー,2004-02-05
223,LQdDW,6233,家具・インテリア・家電,2004-02-03
224,qC6Y0,1211,家具・インテリア・家電,2010-12-29
225,jmDSX,1626,家具・インテリア・家電,2010-07-23
226,0im9U,7573,ヘルス＆ビューティー,2002-07-02
227,7Z3ng,9705,食品,2002-11-17
228,dv58T,7680,ヘルス＆ビューティー,2015-02-05
229,DwEb0,6567,衣料品,2013-07-28
230,x0kTA,1331,衣料品,2014-06-04
231,WnVhk,6006,ヘルス＆ビューティー,2002-05-04
232,WZ70Y,4506,衣料品,2000-02-15
233,ECSFR,1726,ヘルス＆ビューティー,2005-03-18
234,bxeQ4,3851,ヘルス＆ビューティー,2007-08-14
235,1RtHf,9142,食品,2008-05-24
236,57o5S,4174,衣料品,2000-05-24
237,oc5kp,7747,衣料品,2006-09-14
238,kz0hd,8803,ヘルス＆ビューティー,2013-10-23
239,DqQFW,4428,食品,2004-01-26
240,Mj9Pw,1614,雑貨・日用品,2004-06-20
241,xU6q6,5516,家具・インテリア・家電,2011-12-19
242,EJAbe,5269,家具・インテリア・家電,2002-12-08
243,zxjIh,6178,ヘルス＆ビューティー,2001-03-08
244,btHid,2201,家具・インテリア・家電,2002-02-27
245,IzC3p,5721,ヘルス＆ビューティー,2014-04-21
246,W4n3W,8995,花・グリーン,2010-11-22
247,grRVJ,4310,衣料品,2003-07-10
248,zMb5X,4601,食品,2006-03-03
249,ZnGFS,6421,衣料品,2005-11-26
250,bG6sG,8471,衣料品,2005-11-22
251,noFVD,3376,家具・インテリア・家電,2012-02-04
252,5gpih,7737,雑貨・日用品,2003-10-18
253,cwmNc,8085,食品,2000-08-20
254,c1dm6,4640,ヘルス＆ビューティー,2007-05-13
255,OqOct,4549,衣料品,2012-12-28
256,KTl0G,6027,雑貨・日用品,2012-07-30
257,36mko,2637,雑貨・日用品,2010-12-23
258,cmH9S,9278,雑貨・日用品,2002-02-19
259,29zXf,7613,家具・インテリア・家電,2013-01-05
260,OVJ9c,8709,食品,2013-08-30
261,ovneP,3828,家具・インテリア・家電,2007-10-16
262,vkz0o,5071,雑貨・日用品,2000-05-27
263,6WQj9,5632,ヘルス＆ビューティー,2014-08-22
264,R853r,7010,家具・インテリア・家電,2002-05-12
265,IzdYs,2911,花・グリーン,2010-09-04
266,2Tz38,1109,衣料品,2001-11-21
267,wKFN0,4327,花・グリーン,2008-02-15
268,E9A2H,6764,衣料品,2008-06-07
269,azwZP,1075,家具・インテリア・家電,2005-10-19
270,RpI0k,3516,花・グリーン,2012-08-24
271,joj60,5429,家具・インテリア・家電,2001-03-02
272,ZB99W,2428,食品,2010-07-12
273,pfxgW,2224,食品,2008-02-22
274,YEWrF,5333,ヘルス＆ビューティー,2007-10-12
275,gfFOu,9150,衣料品,2008-11-24
276,wX24w,9510,衣料品,2013-11-27
277,p8kIy,1171,ヘルス＆ビューティー,2014-08-03
278,CZPVY,7960,家具・インテリア・家電,2007-10-21
279,O83et,7368,ヘルス＆ビューティー,2002-08-06
280,nd30p,7925,食品,2015-11-20
281,Chxda,1363,花・グリーン,2001-04-22
282,49Qqy,1535,花・グリーン,2001-01-28
283,HuQxZ,4020,家具・インテリア・家電,2002-08-31
284,eDyCQ,9715,食品,2003-02-27
285,5o4vt,6120,雑貨・日用品,2015-01-22
286,t8Wvn,1420,衣料品,2006-01-11
287,N3mHM,6567,食品,2013-01-17
288,s8MqA,3645,衣料品,2001-04-02
289,mimnh,8311,花・グリーン,2007-10-31
290,WiFO9,9672,雑貨・日用品,2001-10-13
291,fWc41,8286,ヘルス＆ビューティー,2010-07-09
292,dtiP8,5230,食品,2007-05-27
293,Yq0BK,5909,食品,2006-07-20
294,hYkbN,2082,家具・インテリア・家電,2001-06-28
295,h9h2M,7001,家具・インテリア・家電,2009-09-24
296,5HRrh,6025,食品,2010-07-09
297,t6VZQ,4241,ヘルス＆ビューティー,2011-11-15
298,e82gJ,5799,家具・インテリア・家電,2010-06-02
299,hRHVP,1295,食品,2013-02-21
300,ob3uz,6335,衣料品,2005-08-28
301,dwxc0,8833,花・グリーン,2009-02-03
302,IzBWA,3636,花・グリーン,2005-12-06
303,VzOvi,9752,食品,2009-08-05
304,rg294,1839,食品,2009-05-27
305,L9e29,2479,雑貨・日用品,2009-11-11
306,1ug3O,6175,家具・インテリア・家電,2013-05-18
307,R1cjD,1088,ヘルス＆ビューティー,2010-06-25
308,QEcEd,9956,ヘルス＆ビューティー,2014-10-24
309,VdHPy,7132,雑貨・日用品,2010-05-25
310,BetdR,5277,花・グリーン,2009-03-17
311,KEyy1,3033,食品,2001-06-22
312,TM5U2,2465,花・グリーン,2007-06-20
313,Em1OO,3351,食品,2008-07-19
314,nJ5hT,1899,衣料品,2011-12-27
315,yNqPY,6087,家具・インテリア・家電,2012-06-30
316,aCdkn,2050,ヘルス＆ビューティー,2009-12-22
317,vqp2a,8274,花・グリーン,2001-09-10
318,hip1G,4889,家具・インテリア・家電,2007-06-07
319,GdJIy,9525,花・グリーン,2005-07-20
320,HPOHz,3786,花・グリーン,2013-04-11
321,gCR0s,1992,食品,2004-02-28
322,798Jj,2174,衣料品,2004-11-18
323,yw3gJ,4777,食品,2015-01-24
324,LdF3w,3437,花・グリーン,2014-04-18
325,vosE0,1777,ヘルス＆ビューティー,2002-11-19
326,rjjv4,1263,衣料品,2007-09-02
327,N29YH,4840,花・グリーン,2008-03-01
328,R5xuY,1127,雑貨・日用品,2009-10-09
329,5bSWx,1189,食品,2004-06-17
330,PGyFy,8714,花・グリーン,2005-11-25
331,DWpGU,7409,食品,2004-03-11
332,woEce,5531,ヘルス＆ビューティー,2013-02-27
333,DrZNA,6385,食品,2002-01-24
334,vVd5p,6662,食品,2002-07-09
335,HDTmu,9960,雑貨・日用品,2004-06-25
336,mLiMS,7372,ヘルス＆ビューティー,2001-08-15
337,xhgmF,5890,家具・インテリア・家電,2001-02-05
338,yJR8l,3343,食品,2011-05-23
339,HVlRs,4777,衣料品,2006-12-01
340,Bior4,2956,衣料品,2002-06-28
341,W6Lwj,6628,食品,2007-08-20
342,wY4GZ,7687,雑貨・日用品,2010-04-27
343,VmRL7,3299,食品,2004-10-29
344,Cmk65,8379,家具・インテリア・家電,2010-09-01
345,IWCAK,3227,食品,2000-12-20
346,FsWsL,8917,花・グリーン,2015-12-08
347,f3iRZ,7607,ヘルス＆ビューティー,2003-06-25
348,fcUxv,2346,ヘルス＆ビューティー,2012-07-18
349,wPvcE,7385,家具・インテリア・家電,2008-11-08
350,XCOa6,4809,衣料品,2008-11-05
351,7k3Ts,2936,衣料品,2005-10-18
352,3uJTU,7982,家具・インテリア・家電,2006-02-04
353,IK3EM,9857,衣料品,2008-01-03
354,7O3RI,4588,ヘルス＆ビューティー,2015-02-11
355,NyaLS,1242,食品,2003-05-08
356,2tWD5,1565,家具・インテリア・家電,2001-02-27
357,0K8IL,7376,雑貨・日用品,2002-06-10
358,RivLZ,3716,衣料品,2013-01-06
359,aqqyR,4084,衣料品,2004-08-30
360,zhDIk,8249,家具・インテリア・家電,2001-01-02
361,gBIRA,2706,花・グリーン,2000-10-17
362,ovW99,4023,家具・インテリア・家電,2004-08-12
363,tgvks,2147,食品,2009-12-18
364,u4RJy,2906,花・グリーン,2013-03-30
365,do8vI,7383,食品,2010-10-31
366,mElYu,3079,雑貨・日用品,2002-08-11
367,K3okt,7783,ヘルス＆ビューティー,2014-08-22
368,2nyyy,1868,雑貨・日用品,2005-04-19
369,Udm5n,8519,家具・インテリア・家電,2015-05-23
370,kXPQi,1260,花・グリーン,2007-11-20
371,J1qgv,6487,衣料品,2012-09-04
372,snAZQ,3756,家具・インテリア・家電,2005-06-29
373,XhAdF,5306,ヘルス＆ビューティー,2010-12-12
374,aNBZS,6837,花・グリーン,2014-07-03
375,V6jun,3035,食品,2012-06-22
376,Hv49a,7217,花・グリーン,2011-09-13
377,JZR3k,8809,雑貨・日用品,2001-02-27
378,Z3Oql,3416,家具・インテリア・家電,2006-05-18
379,Vmuyl,6199,雑貨・日用品,2000-08-11
380,gHCsx,8277,ヘルス＆ビューティー,2013-08-26
381,ARLTI,2995,食品,2004-04-29
382,LcuuN,6760,衣料品,2011-12-30
383,GbEGf,6615,衣料品,2003-10-21
384,M6HJC,3214,ヘルス＆ビューティー,2011-11-16
385,Be7KB,8985,家具・インテリア・家電,2004-12-02
386,XXR00,2597,花・グリーン,2009-06-06
387,jl3DY,8793,衣料品,2007-07-22
388,F9SOw,6478,ヘルス＆ビューティー,2010-07-30
389,5FPWL,1079,食品,2012-08-21
390,PBsLd,2810,ヘルス＆ビューティー,2004-05-31
391,0baee,1263,食品,2002-12-16
392,bfDwY,4242,花・グリーン,2011-01-29
393,V9OaP,6422,衣料品,2006-06-29
394,wgVSc,6951,家具・インテリア・家電,2015-02-09
395,3A1Mh,5630,衣料品,2015-07-31
396,mIIei,9821,雑貨・日用品,2013-08-07
397,yU7WK,8322,食品,2009-07-12
398,twRIl,7861,家具・インテリア・家電,2004-08-28
399,tz7re,4783,雑貨・日用品,2014-01-08
400,6kBbD,3897,ヘルス＆ビューティー,2001-08-03
401,QkevO,6554,花・グリーン,2001-11-14
402,mGMhr,8265,家具・インテリア・家電,2008-10-14
403,ivcxb,7617,食品,2005-07-05
404,AtlCp,8903,花・グリーン,2013-12-24
405,m9qtQ,4034,家具・インテリア・家電,2006-06-03
406,BIaCc,1446,衣料品,2011-06-03
407,AZ73k,3020,家具・インテリア・家電,2012-07-22
408,5OjM1,9859,雑貨・日用品,2013-11-06
409,aQfEL,6085,食品,2009-06-11
410,w96XG,7888,衣料品,2002-06-03
411,2SeDt,4850,食品,2002-11-20
412,k0FGc,3180,ヘルス＆ビューティー,2012-08-06
413,i6HDS,5120,雑貨・日用品,2001-07-28
414,ipAHq,2148,食品,2002-08-13
415,TMSI8,4730,家具・インテリア・家電,2002-05-16
416,FhZpx,9886,花・グリーン,2004-08-11
417,epHZr,9010,雑貨・日用品,2007-12-24
418,mZzrU,8796,家具・インテリア・家電,2009-07-27
419,uP6lv,7167,食品,2015-07-04
420,jzPgo,9030,家具・インテリア・家電,2002-07-15
421,IP42T,1037,食品,2010-01-08
422,HqupY,2831,花・グリーン,2007-10-07
423,IhQ8q,6310,食品,2011-02-16
424,en06v,5840,食品,2009-09-09
425,IWuEt,9223,ヘルス＆ビューティー,2003-06-02
426,c2ycf,9048,食品,2006-07-21
427,D6X8G,2280,花・グリーン,2004-02-02
428,rrtEQ,5472,食品,2003-08-04
429,sOUZg,8422,食品,2010-08-15
430,8YBDz,4715,家具・インテリア・家電,2014-12-21
431,VoJFo,5694,花・グリーン,2015-10-07
432,KTr3D,3255,ヘルス＆ビューティー,2008-09-20
433,fI5T6,7418,衣料品,2006-08-17
434,IdRV7,4122,衣料品,2013-02-19
435,2arfs,3615,ヘルス＆ビューティー,2006-03-01
436,rkvhr,9053,花・グリーン,2004-08-08
437,bN7Iq,9014,花・グリーン,2011-01-02
438,r9BXl,1337,衣料品,2001-02-17
439,z7Osc,5475,ヘルス＆ビューティー,2001-08-24
440,7BRYa,3788,家具・インテリア・家電,2015-07-19
441,aCT95,2580,家具・インテリア・家電,2013-07-30
442,z5Fjy,7520,花・グリーン,2002-05-31
443,x1J3d,1015,花・グリーン,2012-09-08
444,bWCcl,3003,花・グリーン,2007-03-10
445,hfmqh,4550,花・グリーン,2004-02-04
446,XaoYz,7233,衣料品,2012-07-21
447,THO8Q,3846,ヘルス＆ビューティー,2003-07-27
448,l1vUU,9847,家具・インテリア・家電,2007-12-24
449,cPgQC,7816,ヘルス＆ビューティー,2012-12-06
450,4LJzM,6967,雑貨・日用品,2010-03-25
451,2uN5W,9460,衣料品,2000-07-26
452,O8pjH,9645,花・グリーン,2010-02-16
453,i5uxv,1675,ヘルス＆ビューティー,2003-10-26
454,8KkoL,9129,雑貨・日用品,2006-03-29
455,s7T3i,3030,雑貨・日用品,2000-06-29
456,rpOb3,5690,衣料品,2006-03-31
457,Ax5Cf,4467,食品,2008-01-03
458,OQiUC,9328,雑貨・日用品,2005-11-30
459,qs5EL,8371,衣料品,2001-05-27
460,o2ore,1370,食品,2009-05-05
461,DmZHt,3588,雑貨・日用品,2000-07-21
462,JX759,7579,花・グリーン,2001-12-29
463,UnIzP,6409,花・グリーン,2004-12-04
464,WBQJS,2059,衣料品,2005-08-30
465,keKDP,9398,ヘルス＆ビューティー,2002-10-28
466,bTyYh,4994,家具・インテリア・家電,2012-03-19
467,NcaXZ,9704,家具・インテリア・家電,2004-08-17
468,swYAj,4194,花・グリーン,2014-11-18
469,RDi6Y,9478,雑貨・日用品,2002-08-29
470,YAYPU,8296,雑貨・日用品,2015-05-26
471,NuuRa,4154,花・グリーン,2002-05-23
472,n1ssL,3990,花・グリーン,2006-08-09
473,4b43t,2989,ヘルス＆ビューティー,2010-11-27
474,q0SeG,7416,食品,2012-02-20
475,1DX3m,3121,衣料品,2012-01-18
476,cd7pH,9641,雑貨・日用品,2013-03-09
477,2NcIj,9953,ヘルス＆ビューティー,2015-12-26
478,LOGrH,2870,ヘルス＆ビューティー,2010-06-03
479,K9Nrf,5169,ヘルス＆ビューティー,2001-07-07
480,TBMWg,8062,雑貨・日用品,2011-05-03
481,9Nf0g,1966,花・グリーン,2003-06-02
482,UjX3G,6230,花・グリーン,2013-07-04
483,1brpJ,3021,雑貨・日用品,2014-11-20
484,hpp8m,1537,ヘルス＆ビューティー,2000-12-15
485,3QE6U,6361,雑貨・日用品,2010-10-23
486,CR8Tc,2358,衣料品,2011-02-12
487,Wu2Yo,7489,衣料品,2002-07-21
488,0pJEy,3674,花・グリーン,2003-02-18
489,E7nE9,6373,衣料品,2001-05-20
490,fbYbQ,6037,食品,2005-03-19
491,mEWrb,9854,食品,2005-01-06
492,VTtuh,4777,食品,2009-04-03
493,SIxMo,5301,花・グリーン,2000-11-25
494,FPtac,9627,花・グリーン,2001-05-07
495,n9nCy,5901,衣料品,2013-01-26
496,Wkbdl,2913,花・グリーン,2011-07-25
497,aCoWp,9118,家具・インテリア・家電,2005-08-29
498,aplCW,8955,雑貨・日用品,2006-01-17
499,kVeIz,5997,食品,2001-10-09
500,MUAuy,2481,ヘルス＆ビューティー,2014-10-07
501,1pztE,3127,ヘルス＆ビューティー,2009-07-10
502,Gm6Na,4983,衣料品,2008-07-09
503,tWKDB,1329,花・グリーン,2008-04-25
504,QlTMb,1970,食品,2011-04-11
505,1vX0X,1349,家具・インテリア・家電,2012-06-17
506,6IJ7A,4405,花・グリーン,2015-05-23
507,61Cvh,9681,家具・インテリア・家電,2006-07-09
508,Fr3UO,7177,花・グリーン,2011-04-07
509,ST0fA,4529,雑貨・日用品,2014-12-24
510,SEKnR,9609,食品,2003-01-24
511,pkwsO,1849,家具・インテリア・家電,2011-12-17
512,Zu3Pa,7011,食品,2006-06-21
513,rit75,3634,食品,2015-03-29
514,hnxdw,7385,家具・インテリア・家電,2000-09-04
515,iQ98n,1039,雑貨・日用品,2007-03-30
516,mGqLB,7818,家具・インテリア・家電,2011-08-12
517,KLUfX,1364,家具・インテリア・家電,2010-02-18
518,6zaER,4139,衣料品,2014-09-15
519,EDGu8,7921,花・グリーン,2014-09-14
520,y7tiI,5735,雑貨・日用品,2004-08-25
521,jl2Kh,8380,雑貨・日用品,2005-05-15
522,hLpKP,4696,家具・インテリア・家電,2013-03-09
523,awGUZ,9787,衣料品,2015-01-14
524,n5NFR,8708,食品,2013-05-10
525,X6oN5,6864,家具・インテリア・家電,2008-05-05
526,M5Q2Y,3438,食品,2003-01-24
527,U3YAh,3036,雑貨・日用品,2010-04-24
528,OIw8l,8869,雑貨・日用品,2009-06-04
529,V7Rji,3959,ヘルス＆ビューティー,2004-04-25
530,Chjfb,9714,ヘルス＆ビューティー,2014-03-20
531,uPZqy,8486,家具・インテリア・家電,2002-11-05
532,jyqRU,7230,食品,2000-05-01
533,xjW1e,9452,家具・インテリア・家電,2010-11-21
534,ElkWu,2040,雑貨・日用品,2015-04-05
535,LxEjn,4944,花・グリーン,2010-01-25
536,x6r7U,7178,食品,2006-05-30
537,plYF6,6416,ヘルス＆ビューティー,2011-05-18
538,FjGdV,2917,食品,2002-01-15
539,H2tP9,3984,家具・インテリア・家電,2009-12-18
540,W0lf0,4817,食品,2001-07-27
541,mJr3F,4766,家具・インテリア・家電,2008-10-10
542,RICPT,5282,衣料品,2004-07-07
543,dDApa,9905,花・グリーン,2004-11-06
544,dHm2p,6331,衣料品,2005-04-02
545,h4Fjs,7857,雑貨・日用品,2008-06-17
546,HuMHz,1679,食品,2002-07-13
547,50dDO,6846,花・グリーン,2014-06-26
548,lYvzz,4577,食品,2008-03-04
549,QcwYF,2159,衣料品,2011-03-04
550,WvNxQ,1431,花・グリーン,2014-01-17
551,I3eba,6561,ヘルス＆ビューティー,2007-11-16
552,ECSKm,4938,花・グリーン,2001-09-22
553,riB2p,4867,家具・インテリア・家電,2012-10-28
554,zQTkV,7131,雑貨・日用品,2004-04-09
555,hPl1X,4701,雑貨・日用品,2012-06-09
556,W0kxo,2186,花・グリーン,2012-08-15
557,z37sg,4684,家具・インテリア・家電,2012-10-04
558,bwQ9B,4606,衣料品,2012-03-23
559,FdEAB,4656,食品,2015-11-02
560,HRiPj,1922,食品,2003-12-11
561,6KaXn,5146,衣料品,2006-04-02
562,KMuZJ,7041,家具・インテリア・家電,2004-11-18
563,LCv5a,6179,ヘルス＆ビューティー,2013-01-21
564,3auHR,1808,家具・インテリア・家電,2014-12-06
565,L70b1,8635,花・グリーン,2012-05-10
566,ROv6y,2738,花・グリーン,2008-11-24
567,YrUsz,7172,家具・インテリア・家電,2002-10-21
568,7Tbm2,3428,衣料品,2001-05-06
569,Aet8D,3839,花・グリーン,2007-04-25
570,RsxZ7,6366,食品,2004-07-23
571,nC9bu,9801,花・グリーン,2008-03-17
572,LBXgR,1653,花・グリーン,2007-05-13
573,8r7hf,6988,花・グリーン,2008-06-09
574,8gQOy,1674,雑貨・日用品,2010-04-24
575,uSlyi,6425,家具・インテリア・家電,2006-03-03
576,TbLQ0,8967,衣料品,2012-02-17
577,Iu9E8,5007,食品,2004-01-10
578,i5m4F,9529,雑貨・日用品,2002-01-23
579,A1Zvu,6397,ヘルス＆ビューティー,2001-04-03
580,qiOFt,3692,家具・インテリア・家電,2008-09-18
581,GAQUU,8612,ヘルス＆ビューティー,2015-11-17
582,841zl,4455,食品,2013-07-05
583,iqZse,7299,食品,2011-01-11
584,neV6H,6783,家具・インテリア・家電,2013-10-25
585,O4yxA,4019,花・グリーン,2015-01-06
586,fLKq6,2951,雑貨・日用品,2009-06-30
587,2hiOF,4839,衣料品,2007-12-07
588,Ue2EX,6327,家具・インテリア・家電,2008-10-28
589,i8yAK,2394,家具・インテリア・家電,2004-03-05
590,MUcOk,3838,家具・インテリア・家電,2004-03-09
591,O0Axt,8548,衣料品,2007-09-26
592,hJ1Bd,1291,花・グリーン,2008-11-06
593,0DCcd,2996,衣料品,2013-01-14
594,pf73a,1691,食品,2013-08-16
595,NJGh6,6400,ヘルス＆ビューティー,2015-11-30
596,bWvT1,8195,食品,2001-04-25
597,Iw51O,4673,ヘルス＆ビューティー,2006-03-17
598,XUppV,5083,雑貨・日用品,2001-12-04
599,81bpK,5042,雑貨・日用品,2012-09-17
600,hIw3D,8351,食品,2009-01-01
601,4Wdd5,6732,ヘルス＆ビューティー,2004-04-17
602,iuRK9,1044,家具・インテリア・家電,2006-06-17
603,H3egB,5086,家具・インテリア・家電,2009-04-09
604,tvINq,7068,花・グリーン,2013-04-07
605,0u7gx,2199,ヘルス＆ビューティー,2006-10-17
606,MBUuC,4569,雑貨・日用品,2013-04-29
607,vXf2P,3329,衣料品,2007-06-08
608,fso1k,8184,食品,2008-08-12
609,IsN3F,9191,ヘルス＆ビューティー,2011-06-07
610,Ustgw,7126,雑貨・日用品,2001-07-23
611,8lQH6,3266,花・グリーン,2007-07-30
612,apdTd,3306,ヘルス＆ビューティー,2010-04-12
613,CAzx4,2258,家具・インテリア・家電,2005-04-28
614,5oYNH,6485,花・グリーン,2007-01-16
615,RQkHZ,4046,雑貨・日用品,2015-07-31
616,3rspI,4214,花・グリーン,2001-04-15
617,TvlQ9,9500,花・グリーン,2007-11-24
618,trvUG,6588,花・グリーン,2004-11-08
619,yB5ld,4468,雑貨・日用品,2012-07-16
620,znPxC,4363,食品,2000-07-19
621,rwwIR,9417,花・グリーン,2013-10-27
622,fyPxt,7348,ヘルス＆ビューティー,2007-09-19
623,Bncmi,1593,花・グリーン,2000-11-07
624,B9oaj,4562,家具・インテリア・家電,2008-12-11
625,n3oac,7461,食品,2014-05-06
626,leoZj,9159,雑貨・日用品,2013-11-17
627,9A6QD,9965,雑貨・日用品,2014-06-07
628,WDdic,9124,食品,2006-06-30
629,noVaZ,4167,花・グリーン,2005-01-22
630,ADtzv,5368,衣料品,2008-03-08
631,aL6sq,9508,花・グリーン,2000-11-16
632,t3zEX,4680,食品,2014-05-27
633,Bfv8c,4439,花・グリーン,2014-03-05
634,yYQhk,6639,家具・インテリア・家電,2005-12-02
635,YWIW3,3209,食品,2011-02-22
636,IwsnJ,1069,家具・インテリア・家電,2000-06-24
637,DaHWq,1846,花・グリーン,2001-06-30
638,nkcV7,2879,雑貨・日用品,2011-01-18
639,VqP3B,5428,衣料品,2008-01-31
640,u7Bcz,9261,食品,2008-06-04
641,b5aPz,2726,ヘルス＆ビューティー,2002-04-28
642,m6JkN,8463,家具・インテリア・家電,2006-08-04
643,NrBhn,8265,ヘルス＆ビューティー,2007-12-20
644,CVBAD,9404,衣料品,2015-06-21
645,JzD1n,3164,食品,2013-09-07
646,cwKT9,7764,食品,2012-09-23
647,aKYWv,7198,ヘルス＆ビューティー,2000-01-09
648,UHkw7,2370,食品,2004-08-15
649,jtoDt,2978,食品,2010-07-16
650,4Lpgy,1605,雑貨・日用品,2000-05-20
651,BNBOX,3764,家具・インテリア・家電,2012-11-04
652,hyjJl,1457,食品,2013-02-27
653,pECOA,7353,食品,2007-02-04
654,DPuqX,3849,食品,2013-05-28
655,n2F9q,4530,家具・インテリア・家電,2006-04-13
656,YxF1U,7599,家具・インテリア・家電,2011-08-14
657,HM8T2,3633,花・グリーン,2012-02-27
658,t4ojl,8398,雑貨・日用品,2007-12-13
659,zjle9,2977,ヘルス＆ビューティー,2006-02-19
660,OJml9,2683,雑貨・日用品,2012-05-13
661,blTBM,1235,家具・インテリア・家電,2002-02-18
662,ZZ9e1,1484,花・グリーン,2004-04-16
663,KWG39,5422,花・グリーン,2010-12-11
664,fqYbh,7946,家具・インテリア・家電,2014-10-23
665,AfFh7,3520,ヘルス＆ビューティー,2014-02-18
666,ipOFQ,8166,ヘルス＆ビューティー,2003-08-11
667,3YvNw,8030,花・グリーン,2006-07-20
668,MNCui,6688,家具・インテリア・家電,2011-09-12
669,kUqUD,7487,家具・インテリア・家電,2004-02-13
670,4XOWY,7623,花・グリーン,2004-04-14
671,OCRuC,3492,家具・インテリア・家電,2004-07-12
672,1Oceo,6459,雑貨・日用品,2005-08-20
673,EIoX5,8664,雑貨・日用品,2014-10-27
674,qRpld,8325,花・グリーン,2000-09-22
675,zvVr0,9777,花・グリーン,2012-11-13
676,wSXR5,5913,ヘルス＆ビューティー,2014-07-16
677,Id1OL,1886,家具・インテリア・家電,2015-09-28
678,u4Tsw,1100,ヘルス＆ビューティー,2004-12-16
679,djEv8,7106,ヘルス＆ビューティー,2015-06-08
680,gHAYO,9509,花・グリーン,2010-02-06
681,RimkW,4911,食品,2012-03-21
682,SKCqb,1579,ヘルス＆ビューティー,2008-08-23
683,6mkRA,2054,雑貨・日用品,2010-02-04
684,NZjyD,5805,雑貨・日用品,2011-10-03
685,Na3fl,5397,雑貨・日用品,2009-11-02
686,UJtbZ,1513,花・グリーン,2002-11-21
687,BlNZ6,8220,ヘルス＆ビューティー,2009-01-04
688,Sjc6o,2685,家具・インテリア・家電,2010-11-08
689,NW5G7,3826,家具・インテリア・家電,2009-12-02
690,JG7Lw,7649,雑貨・日用品,2004-10-25
691,xnyUa,8645,衣料品,2015-06-13
692,Lfl9A,4472,衣料品,2007-07-08
693,phEpI,6986,家具・インテリア・家電,2013-11-16
694,a5lKC,5614,食品,2002-03-21
695,BLqBo,4425,花・グリーン,2011-08-22
696,qb0Hr,2573,花・グリーン,2014-08-03
697,Z2zOs,1059,食品,2014-02-19
698,jf99t,9624,花・グリーン,2015-02-26
699,FSUO1,9722,雑貨・日用品,2015-03-21
700,YSZVl,1305,家具・インテリア・家電,2008-11-29
701,abbQP,3400,花・グリーン,2015-06-25
702,pjwPz,4386,ヘルス＆ビューティー,2009-10-10
703,SDLrJ,7620,花・グリーン,2013-03-16
704,F9jeF,9875,雑貨・日用品,2012-06-25
705,I3v0r,8872,衣料品,2006-01-07
706,45ldF,9997,雑貨・日用品,2006-04-22
707,LCmGh,8650,花・グリーン,2004-11-20
708,7S9qR,4308,花・グリーン,2009-09-09
709,amfuL,7847,ヘルス＆ビューティー,2000-02-16
710,ZTyJh,7279,雑貨・日用品,2007-08-17
711,bF7P1,8996,食品,2004-03-11
712,GyNQj,6727,ヘルス＆ビューティー,2004-12-09
713,IuIw6,9595,衣料品,2005-02-07
714,cnEVq,6334,家具・インテリア・家電,2005-05-03
715,jldhL,6257,食品,2001-06-21
716,sm862,8789,衣料品,2013-09-23
717,SCQFZ,6797,雑貨・日用品,2013-01-13
718,PlPP6,1928,食品,2005-07-05
719,snudc,8846,食品,2012-01-20
720,JZ7UP,9833,雑貨・日用品,2010-10-06
721,zJ2KN,7453,ヘルス＆ビューティー,2013-02-19
722,epYiB,6031,食品,2003-09-14
723,WOgrM,1239,家具・インテリア・家電,2002-03-01
724,1RpfT,3565,家具・インテリア・家電,2013-03-07
725,IfRy2,8789,花・グリーン,2002-03-17
726,wgawE,4269,衣料品,2014-11-06
727,Swe1C,1700,衣料品,2002-07-28
728,3X5g0,5136,ヘルス＆ビューティー,2010-01-16
729,UoNgY,9468,家具・インテリア・家電,2008-11-18
730,DOYjC,9107,花・グリーン,2015-08-16
731,PR6ra,6760,食品,2006-12-09
732,32r9n,5066,衣料品,2015-01-05
733,wMjqZ,1341,家具・インテリア・家電,2008-07-22
734,BgVmP,5599,家具・インテリア・家電,2012-11-29
735,jU4Gr,3531,家具・インテリア・家電,2008-09-06
736,vg9s1,5273,衣料品,2000-02-16
737,jHk4c,8145,花・グリーン,2008-11-24
738,lTiXl,3545,衣料品,2000-11-06
739,gwPAi,8259,家具・インテリア・家電,2011-08-25
740,yl3uJ,2019,花・グリーン,2010-05-11
741,kNFD2,5187,食品,2011-01-24
742,zlKPk,5357,花・グリーン,2010-04-08
743,onKKz,2527,ヘルス＆ビューティー,2002-02-04
744,mTep2,2936,家具・インテリア・家電,2010-09-26
745,NSdcS,8040,衣料品,2000-10-25
746,HVtbg,7517,雑貨・日用品,2015-03-20
747,9BGK1,3304,食品,2002-10-30
748,qGboU,3773,ヘルス＆ビューティー,2009-03-12
749,3CVSv,1427,衣料品,2010-11-08
750,DCMRZ,8657,衣料品,2005-07-27
751,NJiFE,5519,家具・インテリア・家電,2014-09-19
752,4ooBz,9807,ヘルス＆ビューティー,2005-11-07
753,mjB9P,9678,雑貨・日用品,2014-12-12
754,BYWs7,8043,衣料品,2009-06-27
755,NfTra,4656,家具・インテリア・家電,2010-04-30
756,lRDcM,8372,家具・インテリア・家電,2004-07-07
757,FVzXy,6094,花・グリーン,2010-11-14
758,rVrXP,9617,家具・インテリア・家電,2000-07-26
759,sjKkI,5598,食品,2013-11-20
760,GAX8e,5529,家具・インテリア・家電,2015-02-20
761,ebXN6,5598,花・グリーン,2014-07-27
762,DChzw,3244,家具・インテリア・家電,2007-03-23
763,cbkJe,8263,花・グリーン,2012-03-05
764,GNam2,6633,衣料品,2013-01-25
765,fNqbe,5353,食品,2008-07-12
766,iEeDB,5265,花・グリーン,2009-08-08
767,ve2s2,5386,ヘルス＆ビューティー,2007-04-18
768,a1SHV,5130,雑貨・日用品,2008-06-14
769,lOSUx,4022,雑貨・日用品,2000-11-05
770,EmFFb,9970,家具・インテリア・家電,2010-03-01
771,3GuQg,4519,食品,2010-11-16
772,N03Dx,8954,ヘルス＆ビューティー,2013-11-19
773,7Snx4,6298,食品,2007-12-06
774,3vfPt,3294,家具・インテリア・家電,2009-07-15
775,cSzCZ,2658,雑貨・日用品,2014-11-22
776,WphtI,2132,ヘルス＆ビューティー,2002-04-26
777,jGEUX,6811,ヘルス＆ビューティー,2009-09-30
778,rimRI,7005,衣料品,2003-01-29
779,o12eC,6114,雑貨・日用品,2006-12-01
780,prgjH,5555,衣料品,2014-10-03
781,5ccWj,5141,衣料品,2006-03-14
782,ju5ah,9363,衣料品,2013-09-16
783,uwSBe,7514,衣料品,2009-11-18
784,tFTjm,6620,衣料品,2014-01-01
785,xDKPd,9490,花・グリーン,2001-11-07
786,sn6NB,6221,花・グリーン,2015-03-10
787,6kmn7,3726,ヘルス＆ビューティー,2014-10-17
788,XXOHa,9716,食品,2006-09-08
789,jbyYe,7703,雑貨・日用品,2008-08-16
790,3E00z,9952,衣料品,2008-11-05
791,CoubN,5482,衣料品,2000-11-27
792,BU1yv,2457,ヘルス＆ビューティー,2010-12-22
793,t9C7g,9455,家具・インテリア・家電,2015-08-03
794,Iu1cX,4977,雑貨・日用品,2015-10-09
795,jTxDb,9540,ヘルス＆ビューティー,2006-12-11
796,5dhi2,5616,雑貨・日用品,2007-04-13
797,iIXwc,8738,家具・インテリア・家電,2013-01-06
798,5pVxf,3351,食品,2002-10-08
799,XbUcG,9115,花・グリーン,2008-11-25
800,hKUIk,4301,花・グリーン,2007-04-19
801,Vs2F8,8417,花・グリーン,2001-12-22
802,azWrl,8600,ヘルス＆ビューティー,2006-01-03
803,BdduE,8458,花・グリーン,2014-10-22
804,MhreM,1245,花・グリーン,2011-08-24
805,CTCVN,9830,衣料品,2003-06-11
806,xdORm,4590,衣料品,2009-02-15
807,8KXUk,3276,ヘルス＆ビューティー,2007-04-25
808,K6T7K,3603,雑貨・日用品,2003-02-05
809,OjWCs,3458,ヘルス＆ビューティー,2007-12-11
810,iWJRn,7943,衣料品,2003-12-12
811,Wmkuw,6848,ヘルス＆ビューティー,2005-03-11
812,I1UkE,7879,家具・インテリア・家電,2000-07-05
813,rmU0n,7068,家具・インテリア・家電,2004-02-01
814,gZ3cU,2255,衣料品,2014-11-29
815,mHgJI,3881,衣料品,2000-05-14
816,FzKTK,9668,家具・インテリア・家電,2003-01-19
817,862xD,4311,ヘルス＆ビューティー,2000-03-16
818,zGaYP,3389,雑貨・日用品,2009-01-28
819,PWygF,1955,花・グリーン,2011-08-11
820,kHjEC,3044,ヘルス＆ビューティー,2002-05-14
821,s0di3,1427,雑貨・日用品,2003-07-03
822,UbfZi,7634,衣料品,2003-02-01
823,RQ3iV,9281,衣料品,2003-11-13
824,LUurq,9153,衣料品,2003-09-20
825,2awFK,1764,ヘルス＆ビューティー,2001-12-18
826,PUgTv,9280,食品,2001-10-16
827,9RdS9,9718,雑貨・日用品,2012-06-17
828,ZWCYN,7668,雑貨・日用品,2012-05-23
829,meGYs,5587,雑貨・日用品,2006-08-30
830,yGkB0,3413,花・グリーン,2014-10-08
831,GxIM7,8459,雑貨・日用品,2008-11-17
832,NUmCs,7594,花・グリーン,2012-11-07
833,ZXwbP,2039,家具・インテリア・家電,2013-11-24
834,MwRRz,1151,家具・インテリア・家電,2004-07-31
835,KI8Lt,1131,食品,2002-06-17
836,Lta7p,7172,家具・インテリア・家電,2007-01-15
837,CWtsE,9344,食品,2007-11-20
838,byvIH,8266,衣料品,2009-03-12
839,9ROh4,9957,食品,2009-07-09
840,dksEn,4728,花・グリーン,2010-07-18
841,uJPLH,3374,雑貨・日用品,2007-04-18
842,joXPz,5114,衣料品,2007-05-17
843,iapPf,3617,食品,2007-11-14
844,B4hig,1900,雑貨・日用品,2015-03-24
845,mBjPd,6413,花・グリーン,2001-03-07
846,WRUny,6094,花・グリーン,2012-11-01
847,Ah8Gx,2096,花・グリーン,2005-09-01
848,ZyIPJ,2426,食品,2015-11-29
849,PANS0,6181,雑貨・日用品,2011-03-23
850,3RrJ8,6807,衣料品,2010-09-26
851,0GGPe,6418,ヘルス＆ビューティー,2015-04-09
852,AZiCg,6980,花・グリーン,2009-09-23
853,xoSLG,6783,食品,2007-10-01
854,oMble,6089,食品,2010-05-05
855,bcr3n,4558,雑貨・日用品,2001-01-24
856,q3ymS,2703,衣料品,2009-12-31
857,fGmOL,2529,ヘルス＆ビューティー,2015-06-30
858,ev4GR,9791,食品,2006-03-23
859,pgHJy,5668,衣料品,2006-07-07
860,yw0eF,4921,家具・インテリア・家電,2007-10-16
861,DTcwR,6146,衣料品,2002-03-03
862,JjuTc,9830,家具・インテリア・家電,2006-10-02
863,bLj2S,2412,花・グリーン,2007-03-24
864,rOVmr,7649,衣料品,2013-02-15
865,0Bkf1,7615,家具・インテリア・家電,2007-07-26
866,m242H,5831,ヘルス＆ビューティー,2003-10-14
867,0nt62,4034,ヘルス＆ビューティー,2003-06-19
868,4eTQF,7226,雑貨・日用品,2004-02-09
869,ryJFr,4488,花・グリーン,2015-12-17
870,190qK,2616,食品,2005-11-01
871,Gswxl,5776,雑貨・日用品,2004-11-11
872,EQaso,9181,ヘルス＆ビューティー,2010-08-20
873,sGlSM,5209,雑貨・日用品,2004-11-23
874,gjovq,3219,衣料品,2010-01-02
875,bO8fQ,3728,雑貨・日用品,2012-09-07
876,qlxTa,9039,花・グリーン,2005-06-20
877,c2laf,2553,食品,2000-07-16
878,P4UuC,4122,雑貨・日用品,2015-09-01
879,KeR7d,4838,家具・インテリア・家電,2015-04-27
880,g0DXr,3988,ヘルス＆ビューティー,2015-12-08
881,6SMrd,2544,雑貨・日用品,2014-04-13
882,ZBR4L,5902,食品,2000-10-28
883,GibZX,4755,花・グリーン,2012-02-10
884,pmDpA,9471,花・グリーン,2007-08-14
885,W0pXC,7474,衣料品,2011-12-06
886,FnAL1,3395,花・グリーン,2012-09-06
887,Tf73e,9004,食品,2002-03-31
888,nyVCh,2204,ヘルス＆ビューティー,2000-04-29
889,bBuOi,1510,食品,2004-06-30
890,80c8x,6534,衣料品,2000-01-30
891,Slsti,6484,ヘルス＆ビューティー,2014-01-03
892,inTsC,6362,花・グリーン,2000-11-18
893,g2vP4,9428,食品,2003-09-20
894,SdHmv,2796,雑貨・日用品,2015-06-15
895,vwVQu,7811,家具・インテリア・家電,2007-05-08
896,N7zEO,5854,ヘルス＆ビューティー,2008-11-09
897,Q1JDo,3032,家具・インテリア・家電,2008-10-24
898,xtIfS,8233,家具・インテリア・家電,2000-05-08
899,npZTv,4633,衣料品,2002-08-10
900,m1S4a,7170,衣料品,2009-07-12
901,Rghia,8245,食品,2009-06-22
902,q7957,6609,花・グリーン,2013-04-08
903,xBIWm,2394,ヘルス＆ビューティー,2007-05-23
904,Lwpmf,2154,雑貨・日用品,2015-07-04
905,Ly5pb,2409,雑貨・日用品,2002-06-03
906,ubvfd,9272,ヘルス＆ビューティー,2009-12-09
907,U50KM,2499,家具・インテリア・家電,2014-08-17
908,0Pjj3,7168,食品,2012-10-15
909,pqzca,2985,食品,2010-07-22
910,KisPc,4122,ヘルス＆ビューティー,2001-10-09
911,HPCTF,5484,家具・インテリア・家電,2013-03-18
912,uhcqr,6298,家具・インテリア・家電,2013-03-08
913,431b4,5015,家具・インテリア・家電,2014-03-16
914,eRcU6,3152,衣料品,2003-09-10
915,Fbq2R,9953,ヘルス＆ビューティー,2008-02-09
916,l6aOa,4285,花・グリーン,2005-06-15
917,iDpkI,7313,衣料品,2001-05-14
918,QEKSm,5537,ヘルス＆ビューティー,2011-07-20
919,bgKHO,4692,花・グリーン,2006-11-24
920,NxJam,1993,家具・インテリア・家電,2015-10-05
921,UUmds,3913,衣料品,2007-11-30
922,VUcFc,3585,ヘルス＆ビューティー,2008-06-27
923,fscfT,8438,食品,2001-12-05
924,tjXp5,6351,衣料品,2012-06-15
925,fhE16,6720,家具・インテリア・家電,2010-11-02
926,Yosdu,7015,花・グリーン,2015-11-15
927,gI6HI,8843,衣料品,2001-02-10
928,V9HOJ,1307,家具・インテリア・家電,2002-05-21
929,KKYCe,7872,衣料品,2009-11-24
930,NdBu1,5432,家具・インテリア・家電,2011-01-02
931,45MsR,2618,雑貨・日用品,2003-10-11
932,olOCN,3866,食品,2007-09-11
933,oTAed,2209,衣料品,2008-12-02
934,wwuG1,9583,ヘルス＆ビューティー,2006-11-17
935,txEG4,8338,雑貨・日用品,2012-12-07
936,iukWJ,9232,食品,2011-11-27
937,lUwQJ,2840,ヘルス＆ビューティー,2015-04-04
938,UTgUf,2099,花・グリーン,2014-02-16
939,TqzRa,6220,雑貨・日用品,2012-01-11
940,NXJNn,5072,家具・インテリア・家電,2011-12-26
941,XuOAS,6292,家具・インテリア・家電,2008-12-25
942,8bhaj,8557,食品,2005-12-24
943,Gu4uG,5829,食品,2010-08-07
944,2SYeF,9211,雑貨・日用品,2008-10-01
945,a4eUP,4011,雑貨・日用品,2009-08-10
946,aOqEz,5976,雑貨・日用品,2015-12-14
947,2iQoQ,5287,食品,2015-07-29
948,ee7Hg,3939,食品,2005-02-23
949,1wBgQ,2152,ヘルス＆ビューティー,2002-01-25
950,f42lt,4916,雑貨・日用品,2005-11-10
951,BaDGs,2792,家具・インテリア・家電,2008-10-16
952,nMMOO,6206,食品,2004-10-15
953,vr8vk,4398,家具・インテリア・家電,2013-09-18
954,HVfIc,7950,ヘルス＆ビューティー,2011-01-29
955,FQTl8,8047,花・グリーン,2004-01-19
956,hE0V8,8060,花・グリーン,2001-06-13
957,S0CWc,4234,花・グリーン,2013-06-06
958,OIvsG,2595,衣料品,2000-08-30
959,vSPWh,8415,食品,2000-12-27
960,6nAX4,3184,ヘルス＆ビューティー,2001-09-11
961,MFGkX,4660,食品,2015-08-05
962,q9CpG,3718,雑貨・日用品,2002-07-12
963,SqAvs,2879,雑貨・日用品,2007-07-30
964,fVgFq,4047,食品,2015-09-05
965,6cbEx,1154,花・グリーン,2003-08-03
966,sgLdL,2104,花・グリーン,2001-03-01
967,uYRO9,2768,家具・インテリア・家電,2013-06-14
968,XRC1P,7572,家具・インテリア・家電,2002-06-09
969,o7EMH,9724,雑貨・日用品,2009-12-22
970,TD4pL,8727,花・グリーン,2008-10-19
971,XsGKy,4767,衣料品,2004-07-06
972,g5xYL,8683,雑貨・日用品,2010-06-11
973,1FxLd,4564,花・グリーン,2015-03-18
974,5eZN9,7283,花・グリーン,2010-12-05
975,UKNYy,8372,衣料品,2005-05-01
976,v3L4v,6184,花・グリーン,2003-10-31
977,UyGNT,6216,食品,2008-01-14
978,bTKvf,9987,家具・インテリア・家電,2008-05-10
979,et4vJ,2848,雑貨・日用品,2005-12-10
980,zaPVH,3664,食品,2013-11-20
981,pY3Ig,3355,花・グリーン,2000-02-28
982,hP0n2,9681,花・グリーン,2005-06-27
983,fvNHz,1901,食品,2010-09-15
984,Wdvfx,3593,花・グリーン,2012-04-25
985,zaw82,1744,食品,2012-12-28
986,qRYKF,7583,衣料品,2013-08-26
987,fHMsv,2088,食品,2009-06-09
988,48Px9,4396,食品,2007-09-12
989,pWiD9,6692,ヘルス＆ビューティー,2007-05-03
990,BBcJK,4527,ヘルス＆ビューティー,2015-01-15
991,8UVBy,2610,ヘルス＆ビューティー,2000-01-16
992,ACH3c,9391,衣料品,2011-09-07
993,twmZB,6351,衣料品,2002-07-24
994,dqCJa,3142,ヘルス＆ビューティー,2011-01-20
995,JT0dX,9442,衣料品,2012-08-10
996,krD2L,4360,衣料品,2006-08-18
997,lA31b,3307,衣料品,2003-03-01
998,NOrfn,9989,食品,2012-06-09
999,zcgEe,3407,花・グリーン,2002-05-14
1000,JvEdX,2348,雑貨・日用品,2012-08-12
